                  epoch,         train/box_loss,         train/cls_loss,         train/dfl_loss,   metrics/precision(B),      metrics/recall(B),       metrics/mAP50(B),    metrics/mAP50-95(B),           val/box_loss,           val/cls_loss,           val/dfl_loss,                 lr/pg0,                 lr/pg1,                 lr/pg2
                      0,                   1.19,                 1.1248,                 1.2991,                0.82125,                0.27861,                0.31067,                0.20068,                 1.3463,                 1.5986,                 1.2998,             0.00024921,             0.00024921,             0.00024921
                      1,                 1.1508,                 1.0926,                 1.2656,                0.77194,                0.27467,                 0.2834,                0.18078,                 1.3649,                 1.5734,                 1.3065,              0.0004555,              0.0004555,              0.0004555
                      2,                 1.3113,                 1.1901,                 1.3027,                0.85481,                0.27814,                0.35036,                0.23286,                 1.3379,                  1.632,                  1.262,             0.00061103,             0.00061103,             0.00061103
                      3,                 1.2532,                 1.1845,                 1.2758,                0.76351,                0.30471,                 0.3458,                0.24203,                 1.2945,                  1.571,                 1.2571,             0.00054061,             0.00054061,             0.00054061
                      4,                 1.1732,                 1.1096,                 1.2452,                0.81015,                0.29938,                0.34298,                0.24404,                 1.2585,                 1.4355,                 1.2335,             0.00054061,             0.00054061,             0.00054061
                      5,                 1.1501,                 1.0953,                  1.211,                0.84082,                0.27521,                 0.3213,                 0.2243,                 1.2423,                 1.5185,                 1.2085,             0.00046448,             0.00046448,             0.00046448
